,Date,User,Tweet,Language
0,2022-07-04 23:59:59+00:00,RaiAvlIs2,"Agora Ã© aguardar atÃ© 2024 para a 5Â° e Ãºltima temporada de Stranger Things, lembrando que, vou ver tudo novamente",pt
1,2022-07-04 23:59:59+00:00,luvedovatto,Mano eu bloqueei os nomes de tudo em stranger things e ainda to levando spoiler????? Como isso Ã© justo?????,pt
2,2022-07-04 23:59:58+00:00,_ellySS,Ã‰ SPOILER DE STRANGER THINGS TA https://t.co/s1dZOfTW4K https://t.co/uWyYXRYufl,da
3,2022-07-04 23:59:58+00:00,nali_parker,ai galerinha eu nÃ£o achava que stranger things ia me deixar tÃ£o delulu das ideas sdd das outras temp q eu era saudÃ¡vel assistindo ğŸ˜­ğŸ˜­ğŸ˜­,pt
4,2022-07-04 23:59:57+00:00,Petchary,"@destroy_time @BritishGQ Only problem is, I don't know what a ""Banya"" is nor ""Borjomi."" Sorry. I found it a rather pretentious article actually. But then I rarely read articles in GQ.  He was a nice character in Stranger Things though. I think Lily Allen is really pretentious, too.",en
5,2022-07-04 23:59:57+00:00,OTiagoGabriel,"NÃ£o... Stranger Things nÃ£o...

A Ãºnica sÃ©rie do ano... Ã© The Boys https://t.co/crXJWItnCi",pt
6,2022-07-04 23:59:57+00:00,diniizLucas,n aguento mais ver um tweet de stranger things que chatura,pt
7,2022-07-04 23:59:56+00:00,iloveverlaine,when heathers comes out in the stranger things verse and this is how i get a stacy's mom running joke on will and jonathan https://t.co/zfewZ7N9t5,en
8,2022-07-04 23:59:55+00:00,DevanThayerLund,"@ArgentMottyl @Stranger_Things Funny thing, Netflix determined that the second episode was what ""hooked"" like 70% of viewers to finish the entire season.",en
9,2022-07-04 23:59:53+00:00,zubaidah_x,To finish Stranger Things or wait for this boy?,en
10,2022-07-04 23:59:52+00:00,jauregrntx,q Ã³dio de quem assistiu a 2 parte da 4 temp de stranger things na MINHA JANELA da netflix AAAAAAAAAAAA agr eu simplesmente NAO faÃ§o IDEIA de qual ep que comeÃ§a,pt
11,2022-07-04 23:59:52+00:00,RosakovaCosplay,Stranger Things got me fucked up ğŸ˜­ğŸ˜­ğŸ˜­ I really disliked the beginning of this season but it actually was pretty good and Iâ€™m just hurt now,en
12,2022-07-04 23:59:52+00:00,aloneicyy,Tirei Robin! [Quiz] Stranger Things: Qual personagem secundÃ¡rio vocÃª seria? https://t.co/BpwJt7f4OM via @legiaodosherois.,pt
13,2022-07-04 23:59:52+00:00,Elias_N7,Voy a tener que mirar los ultimos cap de stranger things,es
14,2022-07-04 23:59:51+00:00,maddyysenn,time to finally watch stranger things tn yay,en
15,2022-07-04 23:59:51+00:00,EliteRiyad,""" Ø¨Ø¥Ù…ÙƒØ§Ù†Ùƒ Ø£Ù† ØªÙ‚Ø±Ø£ ÙˆØ£Ù†Øª ØªØ±Ø¹Ù‰ Ø£ØºÙ†Ø§Ù…ÙƒØŒ 
Ù„Ø§ Ø¹Ù„Ø§Ù‚Ø© Ù„Ù„Ø«Ù‚Ø§ÙØ© Ø¨Ø§Ù„Ù‚Ù‡ÙˆØ© ""
ØµØ¨Ø§Ø­ Ø§Ù„Ø®ÙŠØ± ÙˆØ§Ù„Ø£Ù…Ù„ ğŸ‹ï¸â€â™€ï¸
#ØµØ¨Ø§Ø­_Ø§Ù„Ø®ÙŠØ±á…  #StrangerThings 
# https://t.co/FFwMsAZY72",ar
16,2022-07-04 23:59:51+00:00,aaaaaannda,"My hate for Jason was almost as much as Arturo in Money Heist ğŸ˜­ He was so fuckin annoying, he belongs on Riverdale for real #StrangerThings",en
17,2022-07-04 23:59:50+00:00,0atmilky,predicting that theyâ€™re gonna make a spin-off show about papaâ€™s other numbered children eventually #StrangerThings,en
18,2022-07-04 23:59:50+00:00,glowleeminho,el dr owens de stranger things de joven era igual a karchez wtf https://t.co/OC9Nar5DSd,fr
19,2022-07-04 23:59:48+00:00,beaportabales_,"de verdad voy a tener que esperar 2 aÃ±os para la Ãºltima temporada de stranger things? cabron me terminÃ© la serie hace 3 aÃ±os ya ni siquiera me acordaba de la trama y me he comido la 4Âº para ver si la terminaba ya, no puedo mÃ¡s",es
20,2022-07-04 23:59:48+00:00,GraylonSanders,Stranger things ğŸ¥¹ğŸ˜³,en
21,2022-07-04 23:59:47+00:00,eznnzo,whatttttt le dernier Ã©pisode de stranger things ???? jâ€™sui bouche bÃ©e,fr
22,2022-07-04 23:59:47+00:00,spidermarti,hice la mierdita esa de spotify de stranger things de que tema te salvarÃ­a de vecna y me saliÃ³ tamos chelo y re si totalmente,es
23,2022-07-04 23:59:46+00:00,RoseaneLopes23,Aaaa vcs nÃ£o vem nÃ£o em ...olha lÃ¡ em @sthingscombr @Stranger_Things https://t.co/QBsQbqbGUI,pt
24,2022-07-04 23:59:46+00:00,mathoucrl,Stranger things aura eu toutes mes larmes srx,fr
25,2022-07-04 23:59:45+00:00,kmaryuz,I've just watched episode S04 | E02 of Stranger Things! #StrangerThings https://t.co/4CaIukYm8a #tvtime,en
26,2022-07-04 23:59:45+00:00,CaitlinMca2000,"Still not over Eddie in season 4, if heâ€™s really not in s5 Iâ€™m not watching it ğŸ˜­ğŸ˜­ #StrangerThings #EDDIEMUNSON",en
27,2022-07-04 23:59:44+00:00,iLHHGIRL94,ya acabe stranger things,en
28,2022-07-04 23:59:44+00:00,caebllo,"give them both an Emmy ğŸ—£ especially Caleb, boy is ridiculously talented and had not been used properly until this scene #StrangerThings https://t.co/P23dP9BWLi",en
29,2022-07-04 23:59:44+00:00,nthebanshees,steddie gremlin messages as stranger things characters https://t.co/5yOGgnonEI,en
30,2022-07-04 23:59:43+00:00,GeorgeGurkz,If Master of Puppets isnâ€™t No1 in the charts because of stranger things finale Iâ€™m gonna be fuming whatâ€™s fucking episode,en
31,2022-07-04 23:59:42+00:00,giwrls,3 dias que terminei stranger things e ainda nÃ£o superei o que fizeram com a max e a morte do eddie,pt
32,2022-07-04 23:59:40+00:00,_mixednicely,Season 4 of Stranger things not keeping my attention ğŸ™„,en
33,2022-07-04 23:59:40+00:00,AngelicaTreu,ok i have finally watched stranger things and my first order of business: what the fuck,en
34,2022-07-04 23:59:40+00:00,ChildishKage,I fw both of these shows SUPER FUCKING HEAVY ğŸ’€ BUT I will definitely say Stranger Things is beating The Boys just by a little itty bitty bit https://t.co/PfOxiy7Xl1,en
35,2022-07-04 23:59:40+00:00,joahn_96,Chucherias y a ver la segunda parte de stranger things ğŸ¥°,es
36,2022-07-04 23:59:37+00:00,IAmAdamHogan,@ShawnLevyDirect @Stranger_Things Fall Guys,en
37,2022-07-04 23:59:35+00:00,neliboollshit,"@JCGhosty putz pe confesso que to assistindo nenhuma sÃ©rie ultimamente, nem Stranger Things vou ver mais
mas desenho Ã© desenho, e seu desenho deve estar lindo como sempre",pt
38,2022-07-04 23:59:35+00:00,louechoirs,comecei stranger things com 11 anos e vou terminar com 17 ou 18 mano,pt
39,2022-07-04 23:59:34+00:00,sofspombal,Inspirarem se no Pesadelo em Elm Street para esta 4a temporada de Stranger things e convidarem o prÃ³prio ator que fez de Freddy foi genial,pt
40,2022-07-04 23:59:34+00:00,jaurmxf,oq vem antes stranger things 5 ou comeback do blackpink,en
41,2022-07-04 23:59:33+00:00,strangerquotes_,"i wish i had friends like eddie and dustin 

#strangerthings https://t.co/1JeD2t0Nzk",en
42,2022-07-04 23:59:32+00:00,geloculated,"y'know shit's about to go down when they whip out metallica's ""master of puppets"" #StrangerThings https://t.co/oR9clHtCAE",en
43,2022-07-04 23:59:32+00:00,LysCRF,Sigo ansiosa pela 5Â° temporada de stranger things,pt
44,2022-07-04 23:59:32+00:00,el_juliolopez,"Santo, el enmascarado de plata, enfrenta en el ring a un poderoso demogorgÃ³n salido del mundo de #StrangerThings 

El cineasta argentino Armando Bo lo hace posible. https://t.co/2AEFfDhp3n",es
45,2022-07-04 23:59:31+00:00,pichy2017,Mi vecino estÃ¡ escuchando el soundtrack de Stranger Things a todo volumen JAJ,es
46,2022-07-04 23:59:31+00:00,Nadaelsayed____,Ø§Ø­Ø¶Ø±ÙˆØ§ Ù„Ù†Ø§ Ø³ÙŠØ²ÙˆÙ† 5 Ù…Ù† stranger things Ø§Ù„Ø§Ø§Ø§Ø§Ø§Ù† Ø¨Ù„ÙŠØ²Ø²Ø²Ø²Ø²Ø²Ø²,ar
47,2022-07-04 23:59:31+00:00,mqckayz,"@niefiIm ora

Flora Emma Watson mel maia Melody Stranger Things #StrangerThings4 #dolar #THOR Jason IPhone 11 Hunter https://t.co/olVawL5QFj",in
48,2022-07-04 23:59:30+00:00,Janelle_1306,"C'est normal de flipper devant stranger things? Rassurez moi svp 

Jsuis qu'Ã  la saison 1 mais jsuis pas DU TOUT a l'aise",fr
49,2022-07-04 23:59:30+00:00,HlyShrtsNPnts,The Eddie Munson scene in the Stranger Things finale is the greatest scene ever produced in history,en
50,2022-07-04 23:59:29+00:00,conlacerdapsi,"Stranger Things tÃ¡ merecendo o Emmy hein, por todo conjunto da obra, o evento que essa 4Âª temporada foi, o roteiro que nÃ£o Ã© nada ruim nÃ£o, a mega produÃ§Ã£o, o pÃºblico sÃ³ falando disso, no conjunto de tudo isso, a melhor sÃ©rie do ano sim. #StrangerThings",pt
51,2022-07-04 23:59:29+00:00,wyndell_wallace,@Stranger_Things the master of puppets was nice..... but for who the bell tolls! ğŸ˜šğŸ¤ŒğŸ¿ also #maxmustlive ğŸ˜­,en
52,2022-07-04 23:59:29+00:00,ClarkeKent22,Stranger Things season 4 finale was ğŸ”¥,en
53,2022-07-04 23:59:29+00:00,RuiningTV,Everyone tries too hard to make mike feels like heâ€™s useful but heâ€™s really not. Legit useless #StrangerThings,en
54,2022-07-04 23:59:28+00:00,Euqsei14,Namore alguÃ©m  q esta disposto a ver Stranger things com vc!,pt
55,2022-07-04 23:59:26+00:00,eugelacapra,No querÃ©s ver stranger things conmigoo..?? Tengo tres tabletas de chocolate ğŸ¥º,es
56,2022-07-04 23:59:26+00:00,ppearll_,Ù„ÙˆÙƒØ§Ø³ Ù Ø°Ø§ Ø§Ù„Ù…Ø´Ù‡Ø¯ ÙˆØ±Ø¨ÙŠ Ù…Ø¬Ù†ÙˆÙˆÙˆÙ†Ù†Ù† ØªÙ…Ø«ÙŠÙ„ Ù‚Ø·Ø¹ Ù‚Ù„Ø¨ÙŠ Ù…Ø±Ù‡ ğŸ’”ğŸ’”ğŸ’” #StrangerThings https://t.co/fnqBj50fQL,ar
57,2022-07-04 23:59:24+00:00,Quing_Bep,@abbaccyu Stranger things fans... I can't remember what I was going to say,en
58,2022-07-04 23:59:24+00:00,Renelimon6,"Aunque para mi stranger things debiÃ³ acabar en la primera temporada la neta esta bien chido que la cuarta este a la altura de la primera, ojalÃ¡ y sigan asÃ­",es
59,2022-07-04 23:59:23+00:00,ForeverDorianne,STRANGER THINGS GOT ME FUCKED UP,en
60,2022-07-04 23:59:20+00:00,emzbeatz,"ğŸ¤£ğŸ¤£ğŸ¤£ğŸ¤£ğŸ¤£ğŸ¤£

This is so me #StrangerThings #Producer https://t.co/JP8FrlMYHq",en
61,2022-07-04 23:59:19+00:00,chunseason,stranger things 5 where will goes to the labs for conversion therapyâ€¦ https://t.co/Oi6WpN6maB https://t.co/JBNaXw9UYN,en
62,2022-07-04 23:59:18+00:00,leandroventrice,JÃ¡ pode falar sobre o final de stranger things???,pt
63,2022-07-04 23:59:18+00:00,avascalliope,the entire world ending because max mayfield d!ed is honestly the most accurate and relatable thing to ever come out of that show. her power&gt;&gt;&gt;&gt;&gt; #StrangerThings,en
64,2022-07-04 23:59:17+00:00,opamendess,"Quase 3 horas pro Ãºltimo ep de Stranger things terminar daquele jeito, eu tÃ´ REVOLTADA",pt
65,2022-07-04 23:59:16+00:00,sinkslcver,three years of the love of my life coming into stranger things. ğŸ‘©ğŸ»â€â¤ï¸â€ğŸ’‹â€ğŸ‘©ğŸ¼ğŸ«¶ğŸ» #ROBINBUCKLEY https://t.co/rGVxUgaovS,en
66,2022-07-04 23:59:16+00:00,MarcellusESQ,"#StrangerThings really said ""Music Is The Answer"" ğŸ’€ğŸ’€

The Duffer Brothers some terrorists man.",en
67,2022-07-04 23:59:16+00:00,96usa_koi,"ã†ã‚ãã‚“ğŸ˜­
æ¸‹è°·ã®ãƒãƒå…¬åºƒå ´ã§ Running Up That Hill ãŒèã“ãˆã¦é³¥è‚Œç«‹ã£ãŸã‚ˆï¼ï¼ğŸ˜­ğŸ˜­ğŸ˜­
æ¸‹è°·å¯„ã‚Œã‚‹äººã¯è¦‹ã¦ã»ã—ã„ã€œï¼ï¼
#StrangerThings 
#ã‚¹ãƒˆãƒ¬ãƒ³ã‚¸ãƒ£ãƒ¼ã‚·ãƒ³ã‚°ã‚¹4 
#ã‚¹ãƒˆãƒ¬ãƒ³ã‚¸ãƒ£ãƒ¼ã‚·ãƒ³ã‚°ã‚¹ https://t.co/t5ByaYTpGN",ja
68,2022-07-04 23:59:15+00:00,Iceee31,GOOSEBUMPS SA STRANGER THINGS HAHAHA ANGAS,en
69,2022-07-04 23:59:14+00:00,SierraD55986531,"Thirty-seven years ago, British singer-songwriter Kate Bush released the song â€œRunning Up That Hill (A Deal With God)â€ as part of her album â€œHounds of Love.â€
Kate Bush rides â€˜Stranger Thingsâ€™ to a new high on the singles chart
Thirty-seven years ago, British singer-songwriter ... https://t.co/fu11iLCbaa",en
70,2022-07-04 23:59:14+00:00,bluntmuncher,is it too late to start stranger things ğŸ˜­,en
71,2022-07-04 23:59:14+00:00,whosmrkk,la escena del pavo de stranger things tocando master of the puppets con la guitarra del upside down me la pone como la pata de una mesa,es
72,2022-07-04 23:59:14+00:00,walasavagephoto,"@dblasphemy Maybe it's because I just watched it, it this has Stranger Things vibes.",en
73,2022-07-04 23:59:13+00:00,mqckayz,"@rsiepinksz depois cometo suici-

Flora Emma Watson mel maia Melody Stranger Things #StrangerThings4 #dolar #THOR Jason IPhone 11 Hunter https://t.co/olVawL5QFj",en
74,2022-07-04 23:59:13+00:00,javicercasi,"QuÃ© buena serie Stranger Things, mamitaa",es
75,2022-07-04 23:59:12+00:00,Sara74376521,Stranger things Ã© perfeito pqp,pt
76,2022-07-04 23:59:09+00:00,T_J_Johnson2,https://t.co/ioM0soMLOJ #books #writing #darkacademia #youtube #StrangerThings,qme
77,2022-07-04 23:59:09+00:00,LaisseFairytale,@long17_de There's a joke online saying we're going to turn into Stranger Things... my mom is saying this is armageddon.,en
78,2022-07-04 23:59:07+00:00,vixtorhf,"eu assistiria stranger things pra sempre, vou sofrer quando acabar ğŸ˜­",pt
79,2022-07-04 23:59:06+00:00,Valevverche,Te amo stranger things no me esperaba menos,pt
80,2022-07-04 23:59:06+00:00,Gabibis_ioo2,vsfd tu e esse stranger things,fr
81,2022-07-04 23:59:06+00:00,Dehnegrinho,Caralho esse final de Stranger Things foi foda pdp,pt
82,2022-07-04 23:59:05+00:00,pandalias,las fans del eddie siendo las armas de stranger things,en
83,2022-07-04 23:59:05+00:00,esquire,We are pleased to introduce Esquire's official #StrangerThings Death Likelihood Ratingâ„¢ grading metric. https://t.co/PILRB2UEM1,en
84,2022-07-04 23:59:05+00:00,afraserxy,o noah confirmando que stranger things sÃ³ volta em 2024,pt
85,2022-07-04 23:59:04+00:00,crylikerain__,Stranger Things AU where Will is behind the Bite of 87,en
86,2022-07-04 23:59:02+00:00,EDDIEBEGlNS,@deanorues i am so much more deeply invested in stranger things and a certain #ship than i meant to be sarah im in the trenches,en
87,2022-07-04 23:59:02+00:00,JoshSmithActor,@NetflixGeeked @Stranger_Things And I complained when I had to wear zombie makeup for a film once ğŸ˜‚,en
88,2022-07-04 23:59:00+00:00,gabischmittt1,Stranger things e sua necessidade de matar personagens novos ğŸ˜ğŸ˜ğŸ˜ğŸ˜,pt
89,2022-07-04 23:59:00+00:00,AiliStola,"acÃ¡ preparandome psicolÃ³gicamente para ver las 2hs del Ãºltimo cap de stranger things, como si no tuviera otras cosas que hacer.",es
90,2022-07-04 23:59:00+00:00,matthewlee7,Stranger Things season 5 https://t.co/Q5pPW22YPE,en
91,2022-07-04 23:58:59+00:00,lookingforirish,date night tayo maya nood tayo stranger things? ğŸ‘‰ğŸ»ğŸ‘ˆğŸ»,tl
92,2022-07-04 23:58:58+00:00,Luizaedu017,@strangertbr @kylelambert @ShawnLevyDirect @strangerwriters @Stranger_Things @DeividWillianV1,qam
93,2022-07-04 23:58:58+00:00,Mini_Babi1,@Stranger_Things @billythebutcher Poor Eddie ğŸ˜­,hi
94,2022-07-04 23:58:58+00:00,OmahyraMurad,This finale couldâ€™ve been two episodes #StrangerThings https://t.co/N4BQd7xWO5,en
95,2022-07-04 23:58:56+00:00,geo_souza1,terminar Stranger Things logo porque eu nÃ£o aguento mais ver spoiler,pt
96,2022-07-04 23:58:56+00:00,ChrisKMooney,"Stranger Things 4 finale spoilers
.
.
.
.
.
I liked that the villain was not corrupted or redeemable, he's evil on purpose because he wants to be. That's cool and underused imo.

Separately, I didn't really like how they retroactively made the last two seasons' villain way lamer.",en
97,2022-07-04 23:58:56+00:00,JuninhoBatista1,"Se tem uma coisa que eu pago um sapo pra stranger things Ã© a trilha sonora, essas mÃºsicas dos anos 80 sÃ£o muito boas",pt
98,2022-07-04 23:58:56+00:00,JPr3tt1,Wow I love Eddie so much he's my favorite character from stranger things,en
99,2022-07-04 23:58:56+00:00,_jeancaio,mano esse Ãºltimo ep de stranger things ğŸ¤¯ğŸ¤¯ğŸ¤¯ğŸ¤¯ğŸ¤¯,pt
100,2022-07-04 23:58:56+00:00,_bruna540_,"Me rendi a stranger things, espero gostar",pt
101,2022-07-04 23:58:54+00:00,davi_a86,#StrangerThings S04E09 The Piggyback @netflix @Stranger_Things @Metallica #StrangerThings4 #art https://t.co/i6yNBs7nCI,en
102,2022-07-04 23:58:52+00:00,josiarganaraz,Es el emosido engaÃ±ado mÃ¡s grande que recuerde esto #StrangerThings https://t.co/e9qclaCUyH,es
103,2022-07-04 23:58:52+00:00,Yo_Ashbo,Stranger Things 4 was good ASF! This was definitely the best season. We have watched the kiddies grow up ğŸ¥º,en
104,2022-07-04 23:58:52+00:00,eugesilvetti,"todavÃ­a no pude ver stranger things y ya me comÃ­ banda de spoiler, cuÃ¡ndo te como a vos?",es
105,2022-07-04 23:58:52+00:00,drdrgxs,stranger things sÃ³ vai ter mais uma temporada. NÃ£o sei se tÃ´ pronta pra isso,pt
106,2022-07-04 23:58:50+00:00,Lunobili20,"Lo mejor de toda la serie y lo mas rescatable 

#MasterOfPuppets 
#StrangerThings https://t.co/Q8XSWezBbz",es
107,2022-07-04 23:58:50+00:00,kitchegoldwatt,"HOW DO I COMMUNICATE TO YOU THAT -THIS- 45 SECONDS OF SCORE IS THE MOST TRANSCENDENT MUSIC TO EVER GRACE MY EARS
#StrangerThings https://t.co/udPUyBS9Mv",en
108,2022-07-04 23:58:49+00:00,mqckayz,"@glowdisney vsf, stan de st nÃ£o tem paz.

Flora Emma Watson mel maia Melody Stranger Things #StrangerThings4 #dolar #THOR Jason IPhone 11 Hunter https://t.co/olVawL5QFj",pt
109,2022-07-04 23:58:48+00:00,_lisbea,"Ainda bem que jÃ¡ assisti stranger things, pq as crianÃ§as estÃ£o ali no parquinho conversando sobre a sÃ©rie e literalmente contaram o Ãºltimo ep inteirinhooooo",pt
110,2022-07-04 23:58:48+00:00,GeneralOkondu,"Lets see how he fares with the big boysğŸ˜‚

#StrangerThings #TheBoysDiabolical https://t.co/MzJx69cAw3",en
111,2022-07-04 23:58:48+00:00,madinnie,comecei a assistir stranger things com 12 anos e vou terminar com 20,pt
112,2022-07-04 23:58:47+00:00,Gamereactorpt,Stranger Things: 5Âª temporada nÃ£o serÃ¡ tÃ£o longa quanto a 4Âª temporada https://t.co/xnAjmDMi3a,pt
113,2022-07-04 23:58:46+00:00,stampedsugar,mindflayer and will got a toxic relationshipâ€¦the separate you from your loved ones so iâ€™m all you have and when you leave imma stalk you kind  #StrangerThings,en
114,2022-07-04 23:58:46+00:00,KoowPlay,Amo e odeio a Netflix por Stranger Things 4. Puta merda em ğŸ¥¹,pt
115,2022-07-04 23:58:45+00:00,Hieskar_stg,"Personajes que mÃ¡s he odiado de stranger things:
1. La hermana de Lucas Sinclair (por muuuuuuuuuuuuuuuucho)
2. El maje de pelo largo que nadie sabe su nombre y a nadie le importa.
3.Mike Wheeler. 

Cualquiera podrÃ­a morir y yo decir: ""Joder! Al fin!""",es
116,2022-07-04 23:58:43+00:00,cullensslut,stranger things reigniting my love for tom wlaschiha,en
117,2022-07-04 23:58:42+00:00,Joaoopinhoh,#StrangerThings,qht
118,2022-07-04 23:58:41+00:00,_Mark_of_Cain,@Stranger_Things Mind flyer is OBVIOUSLY taller than 50 ft whattttt,en
119,2022-07-04 23:58:38+00:00,EstradaMarilysa,@LopezAdamari24 @Stranger_Things Season 5 is coming out 2024 :(,en
120,2022-07-04 23:58:38+00:00,zortizobando,"@Stranger_Things Netflix explain that to me on July 14, the final episode of season 4 of stranger things",en
121,2022-07-04 23:58:38+00:00,agusjooning,me puse a ver unos videitos de coreano y me di cuenta que extraÃ±o mucho escuchar a bts charlar entre ellos dios stranger things (extraÃ±o cosas),es
122,2022-07-04 23:58:38+00:00,konoshi12,Serie favorita de Netflix ? â€” Stranger things https://t.co/dtkkPXlW4V,en
123,2022-07-04 23:58:38+00:00,EuiHutao,o fandom de stranger things eh oque mais cai em fake news e sai espalhando aÃ­ vc pergunta a fonte e eles falam ah falaram ai,pt
124,2022-07-04 23:58:37+00:00,Treyesj97,#StrangerThings https://t.co/fKadWfBdVN,qht
125,2022-07-04 23:58:37+00:00,NikitaQian,BRO EVERYTIMR I GET ON FB I SEE A STRANGER THINGS SPOILER AND IM MAD BC I HAVENT HAD THE TIME TO WATCH BC OF CAMI,en
126,2022-07-04 23:58:36+00:00,alanizbeast,What is stranger things even about,en
127,2022-07-04 23:58:36+00:00,419_edelweiss,we got stranger things eunji version https://t.co/3GM1787lNn,en
128,2022-07-04 23:58:36+00:00,styleshoImes,bueno chau me voy a ver stranger things,en
129,2022-07-04 23:58:36+00:00,gothwon,watching stranger things like i donâ€™t know everything that happens bc of twitter https://t.co/O4ShrPFDM9,en
130,2022-07-04 23:58:34+00:00,AFashionCunt,Okay I guess itâ€™s time for me to tune in on â€œStranger Thingsâ€ got enough seasons for me to binge now ğŸ˜­,en
131,2022-07-04 23:58:32+00:00,jenn10roo,How many times did Jenna cry watching stranger things?,en
132,2022-07-04 23:58:32+00:00,FfionnLewisX,Stranger things has me in absolute tears what a show manğŸ« ,en
133,2022-07-04 23:58:31+00:00,xBRAIN_R0Tx,"Finished the lil Steve drawing ğŸ•º
#steveharrington #StrangerThings #steveharringtonfanart #StrangerThingsfanart #DigitalArtist https://t.co/hR2diJkS94",en
134,2022-07-04 23:58:30+00:00,ChariSanchezW,No he parado de llorar con el Ãºltimo cap #StrangerThings,es
135,2022-07-04 23:58:30+00:00,Joysonism,"Stranger Things, The Boys. Crazy that we're watching a Paul Reiser renaissance.",en
136,2022-07-04 23:58:29+00:00,3Noahzito,"#StrangerThings 
#steddie 

AYO, MOOTS QUE VEM ST E CURTEM STEDDIE, ACHEI UMAS FIC MASSA!

QUEM QUISER, CHAMA NO PV.",pt
137,2022-07-04 23:58:29+00:00,mariiia_lp,el final de stranger things ??????????,en
138,2022-07-04 23:58:28+00:00,baraseph,"If any of my moots watched stranger things 4 all the way thru, hmu with ur thoughts",en
139,2022-07-04 23:58:27+00:00,tacilar,"Os 2 Ãºltimos capÃ­tulos de Stranger Things me deram sono, Ã© isso!! #StrangerThings",pt
140,2022-07-04 23:58:27+00:00,_zze33,"ÙŠØ§ Ù‚ÙˆØªÙƒ ÙŠØ§ ÙÙŠÙƒÙ†Ø§ ØµØ±Øª Ø¨ÙŠÙ† Ø§Ø±Ø¶Ù‡Ù… Ùˆ Ø¬Ù…Ù‡ÙˆØ±Ù‡Ù… Ø§Ù„Ø­ÙŠÙ† 
ÙŠØ³ØªØ§Ù‡Ù„ÙˆÙ† Ø®Ù„Ù‡Ù… Ø¹Ù†Ù‡Ù… Ø§Ù„Ù…Ø­Ø§Ø±Ø´Ø©ğŸ’€

#StrangerThings - S04 | E09 on TV Time https://t.co/JD44806V6w https://t.co/HhJBCvx5Sn",ar
141,2022-07-04 23:58:27+00:00,k6ropw,"amigaria/namoraria comigo? 

apelido: valen, tina ou vava
pronomes: ela/dela
sexualidade: bissexual 
animaÃ§Ã£o fav: castelo animado
sÃ©rie fav: stranger things e outer banks
filme fav: bohemian rhapsody 
altura: 1,73
signo: virgem
animal favorito: cachorro&lt;3
mbti: enfp https://t.co/E5emd9hghE",pt
142,2022-07-04 23:58:26+00:00,luunaawolf,stress eating while watching the stranger things finale,en
143,2022-07-04 23:58:24+00:00,tired_madison,"i retweet one stranger things post and suddenly my entire feed is corrupted by the absolute most ass-garbage ""14 year old who just discovered what tumblr is"" media literacy posts",en
144,2022-07-04 23:58:24+00:00,exbebel,"Todo mundo falando de stranger things, mas quero Ã© assistir this is us e chorar um pouquinho com um confort food",pt
145,2022-07-04 23:58:23+00:00,c_is_beer,Pls I have avoided Twitter insta and Facebook the past 3/4 days so I donâ€™t see any spoilers from stranger things.. I swear if Steve dies Iâ€™m deleting my Netflix account,en
146,2022-07-04 23:58:23+00:00,Ca5per_15,Yâ€™all watching too much stranger things thinking this cern bs doing anything but wasting electricity,en
147,2022-07-04 23:58:22+00:00,Jeffersongv2020,"Por lo que he leÃ­do, la serie de Stranger Things es perfecta para invitar a alguien y en realidad dedicarse mejor a culiar.",es
148,2022-07-04 23:58:22+00:00,d3nofrioo,"Necesito conseguir los vasos de stranger things, maÃ±ana me planto en los starbucks y hasta no tener uno no me voy",es
149,2022-07-04 23:58:22+00:00,NationofJake,They should incorporate the Vecna bell from #StrangerThings at @TruistPark @BravesVision on 3-0 bases loaded.,en
150,2022-07-04 23:58:21+00:00,Cavenyxx,@Stranger_Things @billythebutcher These are fire,en
151,2022-07-04 23:58:21+00:00,paris_lovette,Okâ€¦guess Iâ€™m getting back on stranger things. Season 2 here I come,en
152,2022-07-04 23:58:19+00:00,OriadeRachel,"@justkuda 30 mins episodes are the way to go. None of the stranger things 2hr crap. My attention span is decreasing with each passing year, I canâ€™t do that hour long shit anymore ğŸ˜­ğŸ˜­. Show was incredible. Need a renewal announcement now!!!",en
153,2022-07-04 23:58:19+00:00,__aisforawesome,Finally finished stranger things you spoiling jerks,en
154,2022-07-04 23:58:19+00:00,littlefreakys,"nÃ£o vai ter cineminha sexta, nÃ£o vai ter mais elmax, nÃ£o vai mais ter a ruivinha e tmb nÃ£o vai ter mais eu pq eu nÃ£o aceito stranger things sem max mayfield https://t.co/TTiCnYr6VG",pt
155,2022-07-04 23:58:18+00:00,kyledboodoo,Stranger Thingsâ€™ sound editing ğŸ”¥,en
156,2022-07-04 23:58:18+00:00,RobertJegbefume,"Don't give em ideas now come on, they about to start writing in August. #StrangerThings it would wreck me though and i wouldn't mind it, i love me some sad shit. https://t.co/OFQA2YSQzd",en
157,2022-07-04 23:58:18+00:00,Kaneko81196265,@youtooz @Stranger_Things no eddie = bad,en
158,2022-07-04 23:58:18+00:00,gabe_alberto,"Tava refletindo sobre #StrangerThings e realmente faltou coragem aos roteiristas da sÃ©rie em algumas decisÃµes, o que torna tudo muito previsÃ­vel.",pt
159,2022-07-04 23:58:17+00:00,Kelley_Burke,"Every time you are sad, you should watch @DavidKHarbour's ""IT'S YOUR GRANDMA"" blooper from @netflix @Stranger_Things season 3, and you will laugh, and you will feel better. You're welcome.",en
160,2022-07-04 23:58:17+00:00,ToniShadows,Hopper and Joyce are so badass ğŸ–¤ #StrangerThings,en
161,2022-07-04 23:58:17+00:00,Kay07ming,I have two weeks free... I'm about to start #StrangerThings it better deliver,en
162,2022-07-04 23:58:14+00:00,gustavokonvict1,"@strangertbr @kylelambert @ShawnLevyDirect @strangerwriters @Stranger_Things Pra nÃ£o ficarmos Ã³rfÃ£o dessa sÃ©rie, podiam fazer um spin off dessa sÃ©rie em, sei lÃ¡ de algum fato isolado em outro lugar, ou depois de anos desses acontecimentos de agora, sei lÃ¡",pt
163,2022-07-04 23:58:14+00:00,Pab_vloo,Lâ€™actrice de Chrissy dans Stranger Things sort avec lâ€™acteur du frÃ¨re de Serena dans Gossip girl câ€™est iconique,fr
164,2022-07-04 23:58:14+00:00,xalastormer,Ja dalej nie mogÄ™ przeÅ¼yÄ‡ tego stranger things,pl
165,2022-07-04 23:58:14+00:00,whotfispam,Stranger Things estÃ¡ mÃ¡s planeada que mi futuro,es
166,2022-07-04 23:58:13+00:00,pireskassio,"desculpa aÃ­ pq sei que ces ama stranger things mas umbrella academy melhor lanÃ§amento da Netflix desse semestre

Gerard way obrigado ğŸ«¡ğŸ¥¹ https://t.co/ekAVTjogaI",pt
167,2022-07-04 23:58:13+00:00,angelitabrum_,Eu nÃ£o sei pq a gente se submete a esperar um ano por uma nova temporada de Stranger Things,pt
168,2022-07-04 23:58:12+00:00,inumakiitoge,literalmente los Ãºltimos capÃ­tulos de stranger things https://t.co/McvGFp9Zvh,es
169,2022-07-04 23:58:12+00:00,mariaclmarques,Nao acredito que a Netflix vai fazer eu esperar mais uma temporada pra ver o desfecho de stranger things,pt
170,2022-07-04 23:58:12+00:00,ardillitalouie,@lvs_dlbyh @hranpleasing Veo el final de strangerthings me queda solo el 9 y la empiezo,es
171,2022-07-04 23:58:11+00:00,originally_ash,"I really thought I was watching the SERIES finale of Stranger Things, only to find out Iâ€™m going to have to put my heart and anxiety through another season!!! Idk how I didnâ€™t know season 5 is coming but I was so confused.",en
172,2022-07-04 23:58:11+00:00,sehuown,FINALMENTE ASSISTI ESSE EPISÃ“DIO S04 | E09 of Stranger Things! #StrangerThings  https://t.co/U35xIS60S9 #tvtime https://t.co/2oQlginT8D,pt
173,2022-07-04 23:58:11+00:00,GraceSmartsBlog,"QUIZ: Are You A Fan Of Stranger Things?
https://t.co/WzW7PCLiGx",en
174,2022-07-04 23:58:11+00:00,heregozy,Stranger things was great,en
175,2022-07-04 23:58:11+00:00,theyenvy_grace,"QUIZ: Are You A Fan Of Stranger Things?
https://t.co/97RhwJD1gc",en
176,2022-07-04 23:58:09+00:00,jkdjjvvv,If in stranger things max was actually medically brain dead she would not be able to breathe on her own,en
177,2022-07-04 23:58:09+00:00,EstherFelix123,"QUIZ: Are You A Fan Of Stranger Things?
https://t.co/mH4McdiYeG",en
178,2022-07-04 23:58:08+00:00,JorgeDuhalt,"Canciones por si me agarra Vecna, yo empiezo ğŸ‘‡ğŸ¼

Feliz,feliz- Mi banda el mexicanoğŸ¶

#StrangerThings #strangerthingsseason4  #StrangerThings4",es
179,2022-07-04 23:58:07+00:00,luisedgomes1999,"PONTE QUE PARTIU, esse final de Stranger Things 4 me lascou. NÃ£o ficava tÃ£o triste desde o fim de Demolidor.
Pqpppppp",pt
180,2022-07-04 23:58:07+00:00,NelsinhoOlivei4,Stranger Things faz o cara ter uma saudade da dÃ©cada de 80 que nossa. DaÃ­ me vem e toca Oingo Boingo - Just Another Day. Q saudade velho!,pt
181,2022-07-04 23:58:06+00:00,DanyMaragno,SÃ³ eu que fiquei meio decepcionada com o final de stranger things?,pt
182,2022-07-04 23:58:06+00:00,bunnyslugs,is will from stranger things gay canonically can someone spoil it for me,en
183,2022-07-04 23:58:05+00:00,LeoAxll,"comecei a terceira temp de stranger things e jÃ¡ mataram meu power ranger vermelho, vou parar de assistir",pt
184,2022-07-04 23:58:04+00:00,vacantlystained,okay but what the fuck am i supposed to watch when stranger things is over,en
185,2022-07-04 23:58:04+00:00,Hm_Spooky,*Watches stranger things once* https://t.co/1q45aO4yLn,en
186,2022-07-04 23:58:03+00:00,PJJ_Puello,"@VaneClavijoB Stranger things es atemporal, padres e hijos vampiros es una etapa",es
187,2022-07-04 23:58:01+00:00,mritaa__,"comecei assistir stranger things e oq eu reparei Ã© q a cabeÃ§a do dermogogon fechada parece a de uma pika, sla na minha cabeÃ§a faz sentido https://t.co/hDVD4s8FPG",pt
188,2022-07-04 23:58:01+00:00,bustdownari,@PopBase @Stranger_Things ermmmmm,und
189,2022-07-04 23:58:01+00:00,raread,#StrangerThings did anyone else pick up a bit of Time Bandits?? This show https://t.co/51CeAQOghw,en
190,2022-07-04 23:58:00+00:00,BlackwellJudyn,Can we PLEASE get Kali back for Season 5? Come on now. #StrangerThings #StrangerThings5 https://t.co/c8K91iySWM,en
191,2022-07-04 23:58:00+00:00,LoveMikeWheeler,@NetflixGeeked @Stranger_Things I can't imagine how long Jamie had to sit in that chair and be bored most of the time ( I get that he can go on his phone and stuff),en
192,2022-07-04 23:58:00+00:00,Renelimon6,Me tocÃ³ ver a 2 personas hablar mamadas de la 3ra temporada de stranger things en 2019 y ahora que en la 4ta metieron cosas de rock/metal ya andan mamando bien rico con eso ._.,es
193,2022-07-04 23:58:00+00:00,thelauratype,"I finished #StrangerThings, and I need everyone (including writers) to put some respek on Will Byersâ€™ name! 

Itâ€™s giving side to the side characters, and I donâ€™t like it. I meanâ€¦he survived the upside down RAW, fam. And a possession too!? Our boyâ€™s a legend.",en
194,2022-07-04 23:57:58+00:00,vampettexx,i wish i interacted with the stranger things rp accounts more but im like really shy &amp; i dont want to say the wrong thing,en
195,2022-07-04 23:57:57+00:00,Tiansh1995,"Stranger Things 4 Volume 2 ending explained: Vecnaâ€™s fate,Â mâ€¦ https://t.co/p56E5DSikA",en
196,2022-07-04 23:57:57+00:00,evellyncaires,voltando a assistir stranger things ğŸ¥°ğŸ¥µâ¤ï¸ğŸ¥°ğŸ˜ğŸ’‹ğŸ˜âœŒğŸ¿ğŸ˜ºâ¤ï¸,pt
197,2022-07-04 23:57:56+00:00,Chayane35477644,NÃ£o aguento mais chorar stranger thingsğŸ˜©ğŸ¥ºğŸ¥ºğŸ¥º,pt
198,2022-07-04 23:57:56+00:00,stylemillsbela,"stranger things me cagaste la vida, voy a llorar",es
199,2022-07-04 23:57:55+00:00,gevageva31,@rburhum Hasta le ganaron a Stranger Things que puso a Running Up That Hill en 4to,en
